192.168.104.112,LCCPE9900,297_369_895
192.168.104.112,LCCPE9900,297_369_895
192.168.104.112,LCCPE9900,297_369_895
192.168.104.112,LCCPE9900,297_369_895
192.168.104.112,LCCPE9900,297_369_895
192.168.104.112,LCCPE9900,297_369_895
192.168.104.112,LCCPE9900,297_369_895
192.168.104.112,LCCPE9900,297_369_895
192.168.104.112,LCCPE9900,297_369_895
192.168.104.112,LCCPE9900,297_369_895
192.168.104.112,LCCPE9900,297_369_895
192.168.104.112,LCCPE9900,297_369_895
192.168.104.112,LCCPE9900,297_369_895
192.168.104.112,LCCPE9900,297_369_895
192.168.104.112,LCCPE9900,297_369_895
192.168.104.112,LCCPE9900,297_369_895
192.168.104.112,LCCPE9900,297_369_895
192.168.104.112,LCCPE9900,297_369_895
192.168.104.112,LCCPE9900,297_369_895
192.168.104.112,LCCPE9900,297_369_895
192.168.104.112,LCCPE9900,297_369_895
192.168.104.112,LCCPE9900,297_369_895
192.168.104.112,LCCPE9900,297_369_895
192.168.104.112,LCCPE9900,297_369_895
192.168.104.112,LCCPE9900,297_369_895
192.168.104.112,LCCPE9900,297_369_895
192.168.104.112,LCCPE9900,297_369_895
192.168.104.112,LCCPE9900,297_369_895
192.168.104.112,LCCPE9900,297_369_895
192.168.104.112,DL4CDD990O,304_376_856
